{
  "policies": {
    "NewTabPage": false,
    "DisplayMenuBar": true,
    "DisableFormHistory": true,
    "DisableFirefoxAccounts": true,
    "ExtensionSettings": {
      "CookieAutoDelete@kennydo.com": {
        "install_url": "https://addons.mozilla.org/firefox/downloads/latest/cookie-autodelete/latest.xpi",
        "installation_mode": "normal_installed"
      }
    },
    "DisableAppUpdate": true,
    "NetworkPrediction": false,
    "CaptivePortal": false,
    "DNSOverHTTPS": {
      "Enabled": false
    },
    "DisableFirefoxStudies": true,
    "DisableTelemetry": true,
    "DisablePocket": true
  }
}